Cluster,Feature 1,Feature 2
0,-4.980931213186844,-2.1611451943097735
1,-1.294100743852324,6.961203610456931
2,-2.82943127780418,8.387508884220646
3,-0.10132486201471025,-5.5351003565526415
